Statistic,Bootstrap_Average,Population,Difference,CI_Lower,CI_Upper
Mean,69.17456,69.10546875,0.0690912499999996,65.95333333333333,72.14683333333333
Standard Deviation,19.196272991845763,19.355807170644777,0.15953417879901366,14.74368678261499,23.17872056706614
98th Percentile,98.29564000000003,99.31999999999994,1.024359999999902,90.13900000000007,108.04000000000002
